[Wybierz słowo wskazujące jeden przedmiot blisko mówiącego.] ___ is the pencil in my hand., This, That, These, Those, choice
[Wybierz słowo wskazujące kilka przedmiotów daleko od mówiącego.] ___ are the birds on that roof over there., Those, These, That, This, choice
My favourite subject ___ English., is, are, am, be, choice
My parents ___ at work now., are, is, am, be, choice
[Uzupełnij zdanie konstrukcją have got.] I ___ two cousins in London., have got, fill
[Uzupełnij właściwą formą czasownika do.] I ___ my homework after dinner every day., do, fill
[Uzupełnij właściwą formą czasownika do.] Mia ___ her homework before supper every day., does, fill
___ that your coat on the chair over there?, Is, Are, Do, Does, choice
___ these your keys here on the table?, Are, Is, Do, Does, choice
___ you got a ruler in your school bag?, Have, Has, Do, Are, choice
___ Ben got a younger sister?, Has, Have, Does, Is, choice
___ you walk to school every day?, Do, Does, Are, Have, choice
___ your dad work in a hospital?, Does, Do, Is, Has, choice
Ułóż poprawne pytanie., Does your sister read comics after school?, order
The children ___ at school today; they are at home., aren't, isn't, don't, haven't, choice
[Uzupełnij zdanie przeczące konstrukcją have got.] We ___ a garden; we play in the park instead., haven't got, fill
This shoes aren't clean., This, These, correct
Those chair is broken., Those, That, correct
I ___ a bike; I go to school on foot., haven't got, hasn't got, don't have got, aren't got, choice
They doesn't play tennis on Mondays., doesn't, don't, correct
Mia don't do her homework on the bus., don't, doesn't, correct
